Feature,Reduced Dimension Space,Classification Error,Accuracy,F1-Score
PCA,100,0.6370370370370371,0.362962962962963,0.36296296296296304
KPCA,100,0.9333333333333333,0.06666666666666667,0.06666666666666667
LDA,7,0.6592592592592592,0.34074074074074073,0.34074074074074073
KLDA,7,0.6592592592592592,0.34074074074074073,0.34074074074074073
VGG,4096,0.3088235294117647,0.6911764705882353,0.6911764705882353
RESNET,2048,0.014705882352941124,0.9852941176470589,0.9852941176470589
