Feature,Reduced Dimension Space,Classification Error,Accuracy,F1-Score
PCA,100,0.4125,0.5875,0.5875
KPCA,100,0.8375,0.1625,0.1625
LDA,7,0.26249999999999996,0.7375,0.7375
KLDA,7,0.26249999999999996,0.7375,0.7375
VGG,4096,0.125,0.875,0.875
RESNET,2048,0.025000000000000022,0.975,0.975
