Feature,Reduced Dimension Space,Classification Error,Accuracy,F1-Score
PCA,100,0.12121212121212122,0.8787878787878788,0.8787878787878788
KPCA,100,0.8787878787878788,0.12121212121212122,0.12121212121212122
LDA,14,0.030303030303030276,0.9696969696969697,0.9696969696969697
KLDA,14,0.030303030303030276,0.9696969696969697,0.9696969696969697
VGG,4096,0.6470588235294117,0.35294117647058826,0.35294117647058826
RESNET,2048,0.0,1.0,1.0
